-- ============================================================================
-- Clinical Co-Pilot test seed  (evergreen: dates are relative to load time)
-- Populates a type-2-diabetes endocrinology day: cohort + scheduled clinic +
-- A1c series, meds, vitals trend, overdue tests, and pending results so the
-- LLM synthesis and the pinned chat agent have real, cited facts to work over.
--
-- Load AFTER a normal OpenEMR install:  mysql -u <u> -p <db> < copilot_test_seed.sql
-- Re-runnable: it clears its own id ranges first.
-- ============================================================================

SET @prov := 90;

-- Clear any previous run of this seed (id ranges are reserved for it).
DELETE FROM `patient_data` WHERE `pid` BETWEEN 9001 AND 9101;
DELETE FROM `form_encounter` WHERE `pid` BETWEEN 9001 AND 9101;
DELETE FROM `forms` WHERE `pid` BETWEEN 9001 AND 9101;
DELETE FROM `form_vitals` WHERE `pid` BETWEEN 9001 AND 9101;
DELETE FROM `lists` WHERE `pid` BETWEEN 9001 AND 9101;
DELETE FROM `prescriptions` WHERE `patient_id` BETWEEN 9001 AND 9101;
DELETE FROM `procedure_result` WHERE `procedure_report_id` BETWEEN 710000 AND 719999;
DELETE FROM `procedure_report` WHERE `procedure_order_id` BETWEEN 700000 AND 709999;
DELETE FROM `procedure_order_code` WHERE `procedure_order_id` BETWEEN 700000 AND 709999;
DELETE FROM `procedure_order` WHERE `patient_id` BETWEEN 9001 AND 9101;
DELETE FROM `openemr_postcalendar_events` WHERE `pc_pid` BETWEEN 9001 AND 9101;
DELETE FROM `users` WHERE `id` = 90;

-- Endocrinologist who owns the clinic day (shows on the calendar).
INSERT INTO `users` (`id`, `username`, `password`, `authorized`, `source`, `fname`, `lname`, `facility`, `facility_id`, `active`, `npi`, `title`, `specialty`, `calendar`, `cal_ui`, `see_auth`, `taxonomy`, `abook_type`) VALUES
('90', 'agrant', NULL, '1', '0', 'Alan', 'Grant', 'Your Clinic Name Here', '3', '1', '1912121212', 'MD', 'Endocrinology', '1', '3', '1', '207RE0101X', 'miscellaneous');

-- Patients (type-2-diabetes cohort).
INSERT INTO `patient_data` (`title`, `language`, `fname`, `lname`, `DOB`, `sex`, `street`, `city`, `state`, `postal_code`, `phone_cell`, `email`, `status`, `date`, `pubpid`, `pid`, `providerID`) VALUES
('Mr.', 'english', 'Aaron', 'Delgado', '1962-04-18', 'Male', '100 Cedar Street', 'San Diego', 'CA', '92101', '(619) 555-1000', 'aaron.delgado@example.com', 'married', NOW(), '9001', '9001', '90'),
('Ms.', 'english', 'Bianca', 'Okafor', '1970-09-02', 'Female', '101 Cedar Street', 'San Diego', 'CA', '92101', '(619) 555-1001', 'bianca.okafor@example.com', 'married', NOW(), '9002', '9002', '90'),
('Mr.', 'english', 'Carlos', 'Nguyen', '1958-12-27', 'Male', '102 Cedar Street', 'San Diego', 'CA', '92101', '(619) 555-1002', 'carlos.nguyen@example.com', 'married', NOW(), '9003', '9003', '90'),
('Ms.', 'english', 'Deborah', 'Ellis', '1965-06-14', 'Female', '103 Cedar Street', 'San Diego', 'CA', '92101', '(619) 555-1003', 'deborah.ellis@example.com', 'married', NOW(), '9004', '9004', '90'),
('Mr.', 'english', 'Emilio', 'Ross', '1974-02-08', 'Male', '104 Cedar Street', 'San Diego', 'CA', '92101', '(619) 555-1004', 'emilio.ross@example.com', 'married', NOW(), '9005', '9005', '90'),
('Ms.', 'english', 'Farida', 'Haddad', '1968-11-19', 'Female', '105 Cedar Street', 'San Diego', 'CA', '92101', '(619) 555-1005', 'farida.haddad@example.com', 'married', NOW(), '9006', '9006', '90'),
('Ms.', 'english', 'Julia', 'Santos', '1959-03-30', 'Female', '109 Cedar Street', 'San Diego', 'CA', '92101', '(619) 555-1009', 'julia.santos@example.com', 'married', NOW(), '9010', '9010', '90'),
('Mr.', 'english', 'Gregory', 'Payne', '1951-07-05', 'Male', '106 Cedar Street', 'San Diego', 'CA', '92101', '(619) 555-1006', 'gregory.payne@example.com', 'married', NOW(), '9007', '9007', '90'),
('Ms.', 'english', 'Hannah', 'Weiss', '1972-10-12', 'Female', '107 Cedar Street', 'San Diego', 'CA', '92101', '(619) 555-1007', 'hannah.weiss@example.com', 'married', NOW(), '9008', '9008', '90'),
('Mr.', 'english', 'Ibrahim', 'Cole', '1980-01-23', 'Male', '108 Cedar Street', 'San Diego', 'CA', '92101', '(619) 555-1008', 'ibrahim.cole@example.com', 'married', NOW(), '9009', '9009', '90');

-- Problem list + medication list entries.
INSERT INTO `lists` (`id`, `date`, `type`, `title`, `begdate`, `activity`, `pid`, `user`, `diagnosis`, `comments`) VALUES
('810001', (NOW() - INTERVAL 14 MONTH), 'medical_problem', 'Type 2 diabetes mellitus', (CURDATE() - INTERVAL 14 MONTH), '1', '9001', 'agrant', 'ICD10:E11.9', 'Well-controlled T2DM; latest A1c reported censored as <7.0.'),
('810002', (NOW() - INTERVAL 26 MONTH), 'medication', 'Metformin 1000 mg', (CURDATE() - INTERVAL 26 MONTH), '1', '9001', 'agrant', '', '1000 mg PO BID with meals'),
('810003', (NOW() - INTERVAL 14 MONTH), 'medical_problem', 'Type 2 diabetes mellitus', (CURDATE() - INTERVAL 14 MONTH), '1', '9002', 'agrant', 'ICD10:E11.9', 'Worsening control, missed metformin refills; glipizide just added.'),
('810004', (NOW() - INTERVAL 30 MONTH), 'medication', 'Metformin 1000 mg', (CURDATE() - INTERVAL 30 MONTH), '1', '9002', 'agrant', '', '1000 mg PO BID -- 0 refills remaining, gap in fills'),
('810005', (NOW() - INTERVAL 2 MONTH), 'medication', 'Glipizide 5 mg', (CURDATE() - INTERVAL 2 MONTH), '1', '9002', 'agrant', '', '5 mg PO daily, started this cycle'),
('810006', (NOW() - INTERVAL 14 MONTH), 'medical_problem', 'Type 2 diabetes mellitus', (CURDATE() - INTERVAL 14 MONTH), '1', '9003', 'agrant', 'ICD10:E11.9', 'Prior A1c result was corrected 11.2 -> 8.1 by the lab.'),
('810007', (NOW() - INTERVAL 40 MONTH), 'medication', 'Metformin 1000 mg', (CURDATE() - INTERVAL 40 MONTH), '1', '9003', 'agrant', '', '1000 mg PO BID'),
('810008', (NOW() - INTERVAL 6 MONTH), 'medication', 'Empagliflozin 10 mg', (CURDATE() - INTERVAL 6 MONTH), '1', '9003', 'agrant', '', '10 mg PO daily'),
('810009', (NOW() - INTERVAL 14 MONTH), 'medical_problem', 'Type 2 diabetes mellitus', (CURDATE() - INTERVAL 14 MONTH), '1', '9004', 'agrant', 'ICD10:E11.9', 'Good glycemic control but overdue for lipids, microalbumin and eye exam.'),
('810010', (NOW() - INTERVAL 48 MONTH), 'medication', 'Metformin 850 mg', (CURDATE() - INTERVAL 48 MONTH), '1', '9004', 'agrant', '', '850 mg PO BID'),
('810011', (NOW() - INTERVAL 14 MONTH), 'medical_problem', 'Type 2 diabetes mellitus', (CURDATE() - INTERVAL 14 MONTH), '1', '9005', 'agrant', 'ICD10:E11.9', 'Labs drawn 2 days ago -- A1c and CMP still pending, one report unreviewed.'),
('810012', (NOW() - INTERVAL 22 MONTH), 'medication', 'Metformin 1000 mg', (CURDATE() - INTERVAL 22 MONTH), '1', '9005', 'agrant', '', '1000 mg PO BID'),
('810013', (NOW() - INTERVAL 22 MONTH), 'medication', 'Atorvastatin 20 mg', (CURDATE() - INTERVAL 22 MONTH), '1', '9005', 'agrant', '', '20 mg PO at bedtime'),
('810014', (NOW() - INTERVAL 14 MONTH), 'medical_problem', 'Type 2 diabetes mellitus', (CURDATE() - INTERVAL 14 MONTH), '1', '9006', 'agrant', 'ICD10:E11.9', 'High A1c, basal insulin glargine just initiated on top of metformin.'),
('810015', (NOW() - INTERVAL 34 MONTH), 'medication', 'Metformin 1000 mg', (CURDATE() - INTERVAL 34 MONTH), '1', '9006', 'agrant', '', '1000 mg PO BID'),
('810016', (NOW() - INTERVAL 1 MONTH), 'medication', 'Insulin glargine 10 units', (CURDATE() - INTERVAL 1 MONTH), '1', '9006', 'agrant', '', '10 units SC at bedtime, titrate per glucose'),
('810017', (NOW() - INTERVAL 14 MONTH), 'medical_problem', 'Type 2 diabetes mellitus', (CURDATE() - INTERVAL 14 MONTH), '1', '9010', 'agrant', 'ICD10:E11.9', 'Polypharmacy, stable control; good MedResponse test case.'),
('810018', (NOW() - INTERVAL 52 MONTH), 'medication', 'Metformin 1000 mg', (CURDATE() - INTERVAL 52 MONTH), '1', '9010', 'agrant', '', '1000 mg PO BID'),
('810019', (NOW() - INTERVAL 14 MONTH), 'medication', 'Empagliflozin 25 mg', (CURDATE() - INTERVAL 14 MONTH), '1', '9010', 'agrant', '', '25 mg PO daily'),
('810020', (NOW() - INTERVAL 40 MONTH), 'medication', 'Atorvastatin 40 mg', (CURDATE() - INTERVAL 40 MONTH), '1', '9010', 'agrant', '', '40 mg PO at bedtime'),
('810021', (NOW() - INTERVAL 40 MONTH), 'medication', 'Lisinopril 20 mg', (CURDATE() - INTERVAL 40 MONTH), '1', '9010', 'agrant', '', '20 mg PO daily'),
('810022', (NOW() - INTERVAL 14 MONTH), 'medical_problem', 'Type 2 diabetes mellitus', (CURDATE() - INTERVAL 14 MONTH), '1', '9007', 'agrant', 'ICD10:E11.9', 'Diabetic CKD stage 3; metformin dose reduced for renal function.'),
('810023', (NOW() - INTERVAL 44 MONTH), 'medication', 'Metformin 500 mg', (CURDATE() - INTERVAL 44 MONTH), '1', '9007', 'agrant', '', '500 mg PO daily (renal-adjusted)'),
('810024', (NOW() - INTERVAL 8 MONTH), 'medication', 'Insulin glargine 16 units', (CURDATE() - INTERVAL 8 MONTH), '1', '9007', 'agrant', '', '16 units SC nightly'),
('810025', (NOW() - INTERVAL 14 MONTH), 'medical_problem', 'Type 2 diabetes mellitus', (CURDATE() - INTERVAL 14 MONTH), '1', '9008', 'agrant', 'ICD10:E11.9', 'A1c may be running low on sulfonylurea; hypoglycemia risk.'),
('810026', (NOW() - INTERVAL 36 MONTH), 'medication', 'Metformin 1000 mg', (CURDATE() - INTERVAL 36 MONTH), '1', '9008', 'agrant', '', '1000 mg PO BID'),
('810027', (NOW() - INTERVAL 20 MONTH), 'medication', 'Glipizide 10 mg', (CURDATE() - INTERVAL 20 MONTH), '1', '9008', 'agrant', '', '10 mg PO daily - reassess for hypoglycemia'),
('810028', (NOW() - INTERVAL 3 MONTH), 'medical_problem', 'Type 2 diabetes mellitus', (CURDATE() - INTERVAL 3 MONTH), '1', '9009', 'agrant', 'ICD10:E11.9', 'Newly diagnosed T2DM; metformin just started, first A1c 8.5.'),
('810029', (NOW() - INTERVAL 1 MONTH), 'medication', 'Metformin 500 mg', (CURDATE() - INTERVAL 1 MONTH), '1', '9009', 'agrant', '', '500 mg PO daily, titrate to BID as tolerated');

-- Prescriptions (MedResponse).
INSERT INTO `prescriptions` (`id`, `patient_id`, `date_added`, `provider_id`, `start_date`, `drug`, `dosage`, `quantity`, `refills`, `active`, `note`, `txDate`, `usage_category_title`, `request_intent_title`) VALUES
('820001', '9001', (NOW() - INTERVAL 26 MONTH), '90', (CURDATE() - INTERVAL 26 MONTH), 'Metformin', '1000 mg', '180', '3', '1', '1000 mg PO BID with meals', (CURDATE() - INTERVAL 26 MONTH), '', ''),
('820002', '9002', (NOW() - INTERVAL 30 MONTH), '90', (CURDATE() - INTERVAL 30 MONTH), 'Metformin', '1000 mg', '180', '0', '1', '1000 mg PO BID -- 0 refills remaining, gap in fills', (CURDATE() - INTERVAL 30 MONTH), '', ''),
('820003', '9002', (NOW() - INTERVAL 2 MONTH), '90', (CURDATE() - INTERVAL 2 MONTH), 'Glipizide', '5 mg', '60', '2', '1', '5 mg PO daily, started this cycle', (CURDATE() - INTERVAL 2 MONTH), '', ''),
('820004', '9003', (NOW() - INTERVAL 40 MONTH), '90', (CURDATE() - INTERVAL 40 MONTH), 'Metformin', '1000 mg', '180', '4', '1', '1000 mg PO BID', (CURDATE() - INTERVAL 40 MONTH), '', ''),
('820005', '9003', (NOW() - INTERVAL 6 MONTH), '90', (CURDATE() - INTERVAL 6 MONTH), 'Empagliflozin', '10 mg', '30', '4', '1', '10 mg PO daily', (CURDATE() - INTERVAL 6 MONTH), '', ''),
('820006', '9004', (NOW() - INTERVAL 48 MONTH), '90', (CURDATE() - INTERVAL 48 MONTH), 'Metformin', '850 mg', '180', '5', '1', '850 mg PO BID', (CURDATE() - INTERVAL 48 MONTH), '', ''),
('820007', '9005', (NOW() - INTERVAL 22 MONTH), '90', (CURDATE() - INTERVAL 22 MONTH), 'Metformin', '1000 mg', '180', '3', '1', '1000 mg PO BID', (CURDATE() - INTERVAL 22 MONTH), '', ''),
('820008', '9005', (NOW() - INTERVAL 22 MONTH), '90', (CURDATE() - INTERVAL 22 MONTH), 'Atorvastatin', '20 mg', '30', '5', '1', '20 mg PO at bedtime', (CURDATE() - INTERVAL 22 MONTH), '', ''),
('820009', '9006', (NOW() - INTERVAL 34 MONTH), '90', (CURDATE() - INTERVAL 34 MONTH), 'Metformin', '1000 mg', '180', '3', '1', '1000 mg PO BID', (CURDATE() - INTERVAL 34 MONTH), '', ''),
('820010', '9006', (NOW() - INTERVAL 1 MONTH), '90', (CURDATE() - INTERVAL 1 MONTH), 'Insulin glargine', '10 units', '1', '5', '1', '10 units SC at bedtime, titrate per glucose', (CURDATE() - INTERVAL 1 MONTH), '', ''),
('820011', '9010', (NOW() - INTERVAL 52 MONTH), '90', (CURDATE() - INTERVAL 52 MONTH), 'Metformin', '1000 mg', '180', '4', '1', '1000 mg PO BID', (CURDATE() - INTERVAL 52 MONTH), '', ''),
('820012', '9010', (NOW() - INTERVAL 14 MONTH), '90', (CURDATE() - INTERVAL 14 MONTH), 'Empagliflozin', '25 mg', '30', '4', '1', '25 mg PO daily', (CURDATE() - INTERVAL 14 MONTH), '', ''),
('820013', '9010', (NOW() - INTERVAL 40 MONTH), '90', (CURDATE() - INTERVAL 40 MONTH), 'Atorvastatin', '40 mg', '30', '4', '1', '40 mg PO at bedtime', (CURDATE() - INTERVAL 40 MONTH), '', ''),
('820014', '9010', (NOW() - INTERVAL 40 MONTH), '90', (CURDATE() - INTERVAL 40 MONTH), 'Lisinopril', '20 mg', '30', '4', '1', '20 mg PO daily', (CURDATE() - INTERVAL 40 MONTH), '', ''),
('820015', '9007', (NOW() - INTERVAL 44 MONTH), '90', (CURDATE() - INTERVAL 44 MONTH), 'Metformin', '500 mg', '60', '3', '1', '500 mg PO daily (renal-adjusted)', (CURDATE() - INTERVAL 44 MONTH), '', ''),
('820016', '9007', (NOW() - INTERVAL 8 MONTH), '90', (CURDATE() - INTERVAL 8 MONTH), 'Insulin glargine', '16 units', '1', '5', '1', '16 units SC nightly', (CURDATE() - INTERVAL 8 MONTH), '', ''),
('820017', '9008', (NOW() - INTERVAL 36 MONTH), '90', (CURDATE() - INTERVAL 36 MONTH), 'Metformin', '1000 mg', '180', '4', '1', '1000 mg PO BID', (CURDATE() - INTERVAL 36 MONTH), '', ''),
('820018', '9008', (NOW() - INTERVAL 20 MONTH), '90', (CURDATE() - INTERVAL 20 MONTH), 'Glipizide', '10 mg', '60', '3', '1', '10 mg PO daily - reassess for hypoglycemia', (CURDATE() - INTERVAL 20 MONTH), '', ''),
('820019', '9009', (NOW() - INTERVAL 1 MONTH), '90', (CURDATE() - INTERVAL 1 MONTH), 'Metformin', '500 mg', '60', '3', '1', '500 mg PO daily, titrate to BID as tolerated', (CURDATE() - INTERVAL 1 MONTH), '', '');

-- Encounters.
INSERT INTO `form_encounter` (`id`, `date`, `reason`, `facility`, `facility_id`, `pid`, `encounter`, `provider_id`, `pc_catid`) VALUES
('90001', (NOW() - INTERVAL 12 MONTH), 'Diabetes follow-up', 'Your Clinic Name Here', '3', '9001', '90001', '90', '9'),
('90002', (NOW() - INTERVAL 6 MONTH), 'Diabetes follow-up', 'Your Clinic Name Here', '3', '9001', '90002', '90', '9'),
('90003', (NOW() - INTERVAL 2 MONTH), 'Diabetes follow-up', 'Your Clinic Name Here', '3', '9001', '90003', '90', '9'),
('90011', (NOW() - INTERVAL 12 MONTH), 'Diabetes follow-up - poor control', 'Your Clinic Name Here', '3', '9002', '90011', '90', '9'),
('90012', (NOW() - INTERVAL 6 MONTH), 'Diabetes follow-up - poor control', 'Your Clinic Name Here', '3', '9002', '90012', '90', '9'),
('90013', (NOW() - INTERVAL 2 MONTH), 'Diabetes follow-up - poor control', 'Your Clinic Name Here', '3', '9002', '90013', '90', '9'),
('90021', (NOW() - INTERVAL 12 MONTH), 'Diabetes follow-up', 'Your Clinic Name Here', '3', '9003', '90021', '90', '9'),
('90022', (NOW() - INTERVAL 6 MONTH), 'Diabetes follow-up', 'Your Clinic Name Here', '3', '9003', '90022', '90', '9'),
('90023', (NOW() - INTERVAL 2 MONTH), 'Diabetes follow-up', 'Your Clinic Name Here', '3', '9003', '90023', '90', '9'),
('90031', (NOW() - INTERVAL 12 MONTH), 'Diabetes annual review', 'Your Clinic Name Here', '3', '9004', '90031', '90', '9'),
('90032', (NOW() - INTERVAL 6 MONTH), 'Diabetes annual review', 'Your Clinic Name Here', '3', '9004', '90032', '90', '9'),
('90033', (NOW() - INTERVAL 3 MONTH), 'Diabetes annual review', 'Your Clinic Name Here', '3', '9004', '90033', '90', '9'),
('90041', (NOW() - INTERVAL 12 MONTH), 'Diabetes follow-up - review pending labs', 'Your Clinic Name Here', '3', '9005', '90041', '90', '9'),
('90042', (NOW() - INTERVAL 6 MONTH), 'Diabetes follow-up - review pending labs', 'Your Clinic Name Here', '3', '9005', '90042', '90', '9'),
('90051', (NOW() - INTERVAL 12 MONTH), 'Diabetes follow-up - insulin titration', 'Your Clinic Name Here', '3', '9006', '90051', '90', '9'),
('90052', (NOW() - INTERVAL 6 MONTH), 'Diabetes follow-up - insulin titration', 'Your Clinic Name Here', '3', '9006', '90052', '90', '9'),
('90053', (NOW() - INTERVAL 1 MONTH), 'Diabetes follow-up - insulin titration', 'Your Clinic Name Here', '3', '9006', '90053', '90', '9'),
('90091', (NOW() - INTERVAL 12 MONTH), 'Diabetes follow-up', 'Your Clinic Name Here', '3', '9010', '90091', '90', '9'),
('90092', (NOW() - INTERVAL 6 MONTH), 'Diabetes follow-up', 'Your Clinic Name Here', '3', '9010', '90092', '90', '9'),
('90093', (NOW() - INTERVAL 2 MONTH), 'Diabetes follow-up', 'Your Clinic Name Here', '3', '9010', '90093', '90', '9'),
('90061', (NOW() - INTERVAL 12 MONTH), 'Diabetes + CKD follow-up', 'Your Clinic Name Here', '3', '9007', '90061', '90', '9'),
('90062', (NOW() - INTERVAL 6 MONTH), 'Diabetes + CKD follow-up', 'Your Clinic Name Here', '3', '9007', '90062', '90', '9'),
('90063', (NOW() - INTERVAL 3 MONTH), 'Diabetes + CKD follow-up', 'Your Clinic Name Here', '3', '9007', '90063', '90', '9'),
('90071', (NOW() - INTERVAL 12 MONTH), 'Diabetes follow-up - hypoglycemia review', 'Your Clinic Name Here', '3', '9008', '90071', '90', '9'),
('90072', (NOW() - INTERVAL 6 MONTH), 'Diabetes follow-up - hypoglycemia review', 'Your Clinic Name Here', '3', '9008', '90072', '90', '9'),
('90073', (NOW() - INTERVAL 2 MONTH), 'Diabetes follow-up - hypoglycemia review', 'Your Clinic Name Here', '3', '9008', '90073', '90', '9'),
('90081', (NOW() - INTERVAL 1 MONTH), 'New diagnosis - diabetes education', 'Your Clinic Name Here', '3', '9009', '90081', '90', '9');

-- Form registrations (make encounters + vitals visible in the chart UI).
INSERT INTO `forms` (`date`, `encounter`, `form_name`, `form_id`, `pid`, `user`, `groupname`, `authorized`, `formdir`, `provider_id`) VALUES
((NOW() - INTERVAL 12 MONTH), '90001', 'New Patient Encounter', '90001', '9001', 'agrant', 'Default', '1', 'newpatient', '90'),
((NOW() - INTERVAL 12 MONTH), '90001', 'Vitals', '800001', '9001', 'agrant', 'Default', '1', 'vitals', '90'),
((NOW() - INTERVAL 6 MONTH), '90002', 'New Patient Encounter', '90002', '9001', 'agrant', 'Default', '1', 'newpatient', '90'),
((NOW() - INTERVAL 6 MONTH), '90002', 'Vitals', '800002', '9001', 'agrant', 'Default', '1', 'vitals', '90'),
((NOW() - INTERVAL 2 MONTH), '90003', 'New Patient Encounter', '90003', '9001', 'agrant', 'Default', '1', 'newpatient', '90'),
((NOW() - INTERVAL 2 MONTH), '90003', 'Vitals', '800003', '9001', 'agrant', 'Default', '1', 'vitals', '90'),
((NOW() - INTERVAL 12 MONTH), '90011', 'New Patient Encounter', '90011', '9002', 'agrant', 'Default', '1', 'newpatient', '90'),
((NOW() - INTERVAL 12 MONTH), '90011', 'Vitals', '800004', '9002', 'agrant', 'Default', '1', 'vitals', '90'),
((NOW() - INTERVAL 6 MONTH), '90012', 'New Patient Encounter', '90012', '9002', 'agrant', 'Default', '1', 'newpatient', '90'),
((NOW() - INTERVAL 6 MONTH), '90012', 'Vitals', '800005', '9002', 'agrant', 'Default', '1', 'vitals', '90'),
((NOW() - INTERVAL 2 MONTH), '90013', 'New Patient Encounter', '90013', '9002', 'agrant', 'Default', '1', 'newpatient', '90'),
((NOW() - INTERVAL 2 MONTH), '90013', 'Vitals', '800006', '9002', 'agrant', 'Default', '1', 'vitals', '90'),
((NOW() - INTERVAL 12 MONTH), '90021', 'New Patient Encounter', '90021', '9003', 'agrant', 'Default', '1', 'newpatient', '90'),
((NOW() - INTERVAL 12 MONTH), '90021', 'Vitals', '800007', '9003', 'agrant', 'Default', '1', 'vitals', '90'),
((NOW() - INTERVAL 6 MONTH), '90022', 'New Patient Encounter', '90022', '9003', 'agrant', 'Default', '1', 'newpatient', '90'),
((NOW() - INTERVAL 6 MONTH), '90022', 'Vitals', '800008', '9003', 'agrant', 'Default', '1', 'vitals', '90'),
((NOW() - INTERVAL 2 MONTH), '90023', 'New Patient Encounter', '90023', '9003', 'agrant', 'Default', '1', 'newpatient', '90'),
((NOW() - INTERVAL 2 MONTH), '90023', 'Vitals', '800009', '9003', 'agrant', 'Default', '1', 'vitals', '90'),
((NOW() - INTERVAL 12 MONTH), '90031', 'New Patient Encounter', '90031', '9004', 'agrant', 'Default', '1', 'newpatient', '90'),
((NOW() - INTERVAL 12 MONTH), '90031', 'Vitals', '800010', '9004', 'agrant', 'Default', '1', 'vitals', '90'),
((NOW() - INTERVAL 6 MONTH), '90032', 'New Patient Encounter', '90032', '9004', 'agrant', 'Default', '1', 'newpatient', '90'),
((NOW() - INTERVAL 6 MONTH), '90032', 'Vitals', '800011', '9004', 'agrant', 'Default', '1', 'vitals', '90'),
((NOW() - INTERVAL 3 MONTH), '90033', 'New Patient Encounter', '90033', '9004', 'agrant', 'Default', '1', 'newpatient', '90'),
((NOW() - INTERVAL 3 MONTH), '90033', 'Vitals', '800012', '9004', 'agrant', 'Default', '1', 'vitals', '90'),
((NOW() - INTERVAL 12 MONTH), '90041', 'New Patient Encounter', '90041', '9005', 'agrant', 'Default', '1', 'newpatient', '90'),
((NOW() - INTERVAL 12 MONTH), '90041', 'Vitals', '800013', '9005', 'agrant', 'Default', '1', 'vitals', '90'),
((NOW() - INTERVAL 6 MONTH), '90042', 'New Patient Encounter', '90042', '9005', 'agrant', 'Default', '1', 'newpatient', '90'),
((NOW() - INTERVAL 6 MONTH), '90042', 'Vitals', '800014', '9005', 'agrant', 'Default', '1', 'vitals', '90'),
((NOW() - INTERVAL 12 MONTH), '90051', 'New Patient Encounter', '90051', '9006', 'agrant', 'Default', '1', 'newpatient', '90'),
((NOW() - INTERVAL 12 MONTH), '90051', 'Vitals', '800015', '9006', 'agrant', 'Default', '1', 'vitals', '90'),
((NOW() - INTERVAL 6 MONTH), '90052', 'New Patient Encounter', '90052', '9006', 'agrant', 'Default', '1', 'newpatient', '90'),
((NOW() - INTERVAL 6 MONTH), '90052', 'Vitals', '800016', '9006', 'agrant', 'Default', '1', 'vitals', '90'),
((NOW() - INTERVAL 1 MONTH), '90053', 'New Patient Encounter', '90053', '9006', 'agrant', 'Default', '1', 'newpatient', '90'),
((NOW() - INTERVAL 1 MONTH), '90053', 'Vitals', '800017', '9006', 'agrant', 'Default', '1', 'vitals', '90'),
((NOW() - INTERVAL 12 MONTH), '90091', 'New Patient Encounter', '90091', '9010', 'agrant', 'Default', '1', 'newpatient', '90'),
((NOW() - INTERVAL 12 MONTH), '90091', 'Vitals', '800018', '9010', 'agrant', 'Default', '1', 'vitals', '90'),
((NOW() - INTERVAL 6 MONTH), '90092', 'New Patient Encounter', '90092', '9010', 'agrant', 'Default', '1', 'newpatient', '90'),
((NOW() - INTERVAL 6 MONTH), '90092', 'Vitals', '800019', '9010', 'agrant', 'Default', '1', 'vitals', '90'),
((NOW() - INTERVAL 2 MONTH), '90093', 'New Patient Encounter', '90093', '9010', 'agrant', 'Default', '1', 'newpatient', '90'),
((NOW() - INTERVAL 2 MONTH), '90093', 'Vitals', '800020', '9010', 'agrant', 'Default', '1', 'vitals', '90'),
((NOW() - INTERVAL 12 MONTH), '90061', 'New Patient Encounter', '90061', '9007', 'agrant', 'Default', '1', 'newpatient', '90'),
((NOW() - INTERVAL 12 MONTH), '90061', 'Vitals', '800021', '9007', 'agrant', 'Default', '1', 'vitals', '90'),
((NOW() - INTERVAL 6 MONTH), '90062', 'New Patient Encounter', '90062', '9007', 'agrant', 'Default', '1', 'newpatient', '90'),
((NOW() - INTERVAL 6 MONTH), '90062', 'Vitals', '800022', '9007', 'agrant', 'Default', '1', 'vitals', '90'),
((NOW() - INTERVAL 3 MONTH), '90063', 'New Patient Encounter', '90063', '9007', 'agrant', 'Default', '1', 'newpatient', '90'),
((NOW() - INTERVAL 3 MONTH), '90063', 'Vitals', '800023', '9007', 'agrant', 'Default', '1', 'vitals', '90'),
((NOW() - INTERVAL 12 MONTH), '90071', 'New Patient Encounter', '90071', '9008', 'agrant', 'Default', '1', 'newpatient', '90'),
((NOW() - INTERVAL 12 MONTH), '90071', 'Vitals', '800024', '9008', 'agrant', 'Default', '1', 'vitals', '90'),
((NOW() - INTERVAL 6 MONTH), '90072', 'New Patient Encounter', '90072', '9008', 'agrant', 'Default', '1', 'newpatient', '90'),
((NOW() - INTERVAL 6 MONTH), '90072', 'Vitals', '800025', '9008', 'agrant', 'Default', '1', 'vitals', '90'),
((NOW() - INTERVAL 2 MONTH), '90073', 'New Patient Encounter', '90073', '9008', 'agrant', 'Default', '1', 'newpatient', '90'),
((NOW() - INTERVAL 2 MONTH), '90073', 'Vitals', '800026', '9008', 'agrant', 'Default', '1', 'vitals', '90'),
((NOW() - INTERVAL 1 MONTH), '90081', 'New Patient Encounter', '90081', '9009', 'agrant', 'Default', '1', 'newpatient', '90'),
((NOW() - INTERVAL 1 MONTH), '90081', 'Vitals', '800027', '9009', 'agrant', 'Default', '1', 'vitals', '90');

-- Vitals (VitalsTrend).
INSERT INTO `form_vitals` (`id`, `date`, `pid`, `user`, `groupname`, `authorized`, `activity`, `bps`, `bpd`, `weight`, `height`, `pulse`, `respiration`, `BMI`) VALUES
('800001', (NOW() - INTERVAL 12 MONTH), '9001', 'agrant', 'Default', '1', '1', '132', '82', '214', '70', '76', '16', '30.7'),
('800002', (NOW() - INTERVAL 6 MONTH), '9001', 'agrant', 'Default', '1', '1', '128', '80', '209', '70', '74', '16', '30.0'),
('800003', (NOW() - INTERVAL 2 MONTH), '9001', 'agrant', 'Default', '1', '1', '126', '78', '205', '70', '72', '16', '29.4'),
('800004', (NOW() - INTERVAL 12 MONTH), '9002', 'agrant', 'Default', '1', '1', '134', '84', '178', '65', '82', '16', '29.6'),
('800005', (NOW() - INTERVAL 6 MONTH), '9002', 'agrant', 'Default', '1', '1', '138', '86', '184', '65', '84', '16', '30.6'),
('800006', (NOW() - INTERVAL 2 MONTH), '9002', 'agrant', 'Default', '1', '1', '142', '88', '189', '65', '86', '16', '31.4'),
('800007', (NOW() - INTERVAL 12 MONTH), '9003', 'agrant', 'Default', '1', '1', '130', '80', '196', '68', '78', '16', '29.8'),
('800008', (NOW() - INTERVAL 6 MONTH), '9003', 'agrant', 'Default', '1', '1', '129', '79', '194', '68', '77', '16', '29.5'),
('800009', (NOW() - INTERVAL 2 MONTH), '9003', 'agrant', 'Default', '1', '1', '131', '81', '195', '68', '79', '16', '29.6'),
('800010', (NOW() - INTERVAL 12 MONTH), '9004', 'agrant', 'Default', '1', '1', '124', '76', '165', '64', '70', '16', '28.3'),
('800011', (NOW() - INTERVAL 6 MONTH), '9004', 'agrant', 'Default', '1', '1', '122', '74', '163', '64', '70', '16', '28.0'),
('800012', (NOW() - INTERVAL 3 MONTH), '9004', 'agrant', 'Default', '1', '1', '123', '75', '162', '64', '71', '16', '27.8'),
('800013', (NOW() - INTERVAL 12 MONTH), '9005', 'agrant', 'Default', '1', '1', '127', '79', '201', '71', '75', '16', '28.0'),
('800014', (NOW() - INTERVAL 6 MONTH), '9005', 'agrant', 'Default', '1', '1', '126', '78', '199', '71', '74', '16', '27.8'),
('800015', (NOW() - INTERVAL 12 MONTH), '9006', 'agrant', 'Default', '1', '1', '136', '85', '172', '63', '80', '16', '30.5'),
('800016', (NOW() - INTERVAL 6 MONTH), '9006', 'agrant', 'Default', '1', '1', '137', '86', '175', '63', '81', '16', '31.0'),
('800017', (NOW() - INTERVAL 1 MONTH), '9006', 'agrant', 'Default', '1', '1', '135', '84', '174', '63', '82', '16', '30.8'),
('800018', (NOW() - INTERVAL 12 MONTH), '9010', 'agrant', 'Default', '1', '1', '128', '78', '158', '62', '72', '16', '28.9'),
('800019', (NOW() - INTERVAL 6 MONTH), '9010', 'agrant', 'Default', '1', '1', '127', '77', '157', '62', '72', '16', '28.7'),
('800020', (NOW() - INTERVAL 2 MONTH), '9010', 'agrant', 'Default', '1', '1', '126', '76', '156', '62', '71', '16', '28.5'),
('800021', (NOW() - INTERVAL 12 MONTH), '9007', 'agrant', 'Default', '1', '1', '141', '83', '188', '69', '76', '16', '27.8'),
('800022', (NOW() - INTERVAL 6 MONTH), '9007', 'agrant', 'Default', '1', '1', '139', '82', '186', '69', '75', '16', '27.5'),
('800023', (NOW() - INTERVAL 3 MONTH), '9007', 'agrant', 'Default', '1', '1', '140', '82', '185', '69', '77', '16', '27.3'),
('800024', (NOW() - INTERVAL 12 MONTH), '9008', 'agrant', 'Default', '1', '1', '121', '74', '149', '66', '68', '16', '24.0'),
('800025', (NOW() - INTERVAL 6 MONTH), '9008', 'agrant', 'Default', '1', '1', '120', '73', '148', '66', '69', '16', '23.9'),
('800026', (NOW() - INTERVAL 2 MONTH), '9008', 'agrant', 'Default', '1', '1', '119', '72', '147', '66', '68', '16', '23.7'),
('800027', (NOW() - INTERVAL 1 MONTH), '9009', 'agrant', 'Default', '1', '1', '133', '83', '221', '72', '80', '16', '30.0');

-- Lab orders (procedure_order).
INSERT INTO `procedure_order` (`procedure_order_id`, `provider_id`, `patient_id`, `encounter_id`, `date_collected`, `date_ordered`, `order_status`, `activity`, `order_diagnosis`, `date_transmitted`) VALUES
('700001', '90', '9001', '90001', (NOW() - INTERVAL 12 MONTH), (NOW() - INTERVAL 12 MONTH), 'completed', '1', 'E11.9 Type 2 diabetes mellitus', (NOW() - INTERVAL 12 MONTH)),
('700002', '90', '9001', '90001', (NOW() - INTERVAL 6 MONTH), (NOW() - INTERVAL 6 MONTH), 'completed', '1', 'E11.9 Type 2 diabetes mellitus', (NOW() - INTERVAL 6 MONTH)),
('700003', '90', '9001', '90001', (NOW() - INTERVAL 2 MONTH), (NOW() - INTERVAL 2 MONTH), 'completed', '1', 'E11.9 Type 2 diabetes mellitus', (NOW() - INTERVAL 2 MONTH)),
('700004', '90', '9001', '90001', (NOW() - INTERVAL 4 MONTH), (NOW() - INTERVAL 4 MONTH), 'completed', '1', 'E11.9 Type 2 diabetes mellitus', (NOW() - INTERVAL 4 MONTH)),
('700005', '90', '9001', '90001', (NOW() - INTERVAL 5 MONTH), (NOW() - INTERVAL 5 MONTH), 'completed', '1', 'E11.9 Type 2 diabetes mellitus', (NOW() - INTERVAL 5 MONTH)),
('700006', '90', '9002', '90011', (NOW() - INTERVAL 12 MONTH), (NOW() - INTERVAL 12 MONTH), 'completed', '1', 'E11.9 Type 2 diabetes mellitus', (NOW() - INTERVAL 12 MONTH)),
('700007', '90', '9002', '90011', (NOW() - INTERVAL 6 MONTH), (NOW() - INTERVAL 6 MONTH), 'completed', '1', 'E11.9 Type 2 diabetes mellitus', (NOW() - INTERVAL 6 MONTH)),
('700008', '90', '9002', '90011', (NOW() - INTERVAL 2 MONTH), (NOW() - INTERVAL 2 MONTH), 'completed', '1', 'E11.9 Type 2 diabetes mellitus', (NOW() - INTERVAL 2 MONTH)),
('700009', '90', '9002', '90011', (NOW() - INTERVAL 6 MONTH), (NOW() - INTERVAL 6 MONTH), 'completed', '1', 'E11.9 Type 2 diabetes mellitus', (NOW() - INTERVAL 6 MONTH)),
('700010', '90', '9002', '90011', (NOW() - INTERVAL 7 MONTH), (NOW() - INTERVAL 7 MONTH), 'completed', '1', 'E11.9 Type 2 diabetes mellitus', (NOW() - INTERVAL 7 MONTH)),
('700011', '90', '9003', '90021', (NOW() - INTERVAL 12 MONTH), (NOW() - INTERVAL 12 MONTH), 'completed', '1', 'E11.9 Type 2 diabetes mellitus', (NOW() - INTERVAL 12 MONTH)),
('700012', '90', '9003', '90021', (NOW() - INTERVAL 6 MONTH), (NOW() - INTERVAL 6 MONTH), 'completed', '1', 'E11.9 Type 2 diabetes mellitus', (NOW() - INTERVAL 6 MONTH)),
('700013', '90', '9003', '90021', (NOW() - INTERVAL 2 MONTH), (NOW() - INTERVAL 2 MONTH), 'completed', '1', 'E11.9 Type 2 diabetes mellitus', (NOW() - INTERVAL 2 MONTH)),
('700014', '90', '9003', '90021', (NOW() - INTERVAL 2 MONTH), (NOW() - INTERVAL 2 MONTH), 'completed', '1', 'E11.9 Type 2 diabetes mellitus', (NOW() - INTERVAL 2 MONTH)),
('700015', '90', '9003', '90021', (NOW() - INTERVAL 5 MONTH), (NOW() - INTERVAL 5 MONTH), 'completed', '1', 'E11.9 Type 2 diabetes mellitus', (NOW() - INTERVAL 5 MONTH)),
('700016', '90', '9003', '90021', (NOW() - INTERVAL 6 MONTH), (NOW() - INTERVAL 6 MONTH), 'completed', '1', 'E11.9 Type 2 diabetes mellitus', (NOW() - INTERVAL 6 MONTH)),
('700017', '90', '9004', '90031', (NOW() - INTERVAL 12 MONTH), (NOW() - INTERVAL 12 MONTH), 'completed', '1', 'E11.9 Type 2 diabetes mellitus', (NOW() - INTERVAL 12 MONTH)),
('700018', '90', '9004', '90031', (NOW() - INTERVAL 6 MONTH), (NOW() - INTERVAL 6 MONTH), 'completed', '1', 'E11.9 Type 2 diabetes mellitus', (NOW() - INTERVAL 6 MONTH)),
('700019', '90', '9004', '90031', (NOW() - INTERVAL 3 MONTH), (NOW() - INTERVAL 3 MONTH), 'completed', '1', 'E11.9 Type 2 diabetes mellitus', (NOW() - INTERVAL 3 MONTH)),
('700020', '90', '9004', '90031', (NOW() - INTERVAL 14 MONTH), (NOW() - INTERVAL 14 MONTH), 'completed', '1', 'E11.9 Type 2 diabetes mellitus', (NOW() - INTERVAL 14 MONTH)),
('700021', '90', '9004', '90031', (NOW() - INTERVAL 19 MONTH), (NOW() - INTERVAL 19 MONTH), 'completed', '1', 'E11.9 Type 2 diabetes mellitus', (NOW() - INTERVAL 19 MONTH)),
('700022', '90', '9005', '90041', (NOW() - INTERVAL 12 MONTH), (NOW() - INTERVAL 12 MONTH), 'completed', '1', 'E11.9 Type 2 diabetes mellitus', (NOW() - INTERVAL 12 MONTH)),
('700023', '90', '9005', '90041', (NOW() - INTERVAL 6 MONTH), (NOW() - INTERVAL 6 MONTH), 'completed', '1', 'E11.9 Type 2 diabetes mellitus', (NOW() - INTERVAL 6 MONTH)),
('700024', '90', '9005', '90041', (NOW() - INTERVAL 6 MONTH), (NOW() - INTERVAL 6 MONTH), 'completed', '1', 'E11.9 Type 2 diabetes mellitus', (NOW() - INTERVAL 6 MONTH)),
('700025', '90', '9005', '90041', (NOW() - INTERVAL 6 MONTH), (NOW() - INTERVAL 6 MONTH), 'completed', '1', 'E11.9 Type 2 diabetes mellitus', (NOW() - INTERVAL 6 MONTH)),
('700026', '90', '9005', '90041', (NOW() - INTERVAL 2 DAY), (NOW() - INTERVAL 2 DAY), 'pending', '1', 'E11.9 Type 2 diabetes mellitus', (NOW() - INTERVAL 2 DAY)),
('700027', '90', '9005', '90041', (NOW() - INTERVAL 2 DAY), (NOW() - INTERVAL 2 DAY), 'pending', '1', 'E11.9 Type 2 diabetes mellitus', (NOW() - INTERVAL 2 DAY)),
('700028', '90', '9006', '90051', (NOW() - INTERVAL 12 MONTH), (NOW() - INTERVAL 12 MONTH), 'completed', '1', 'E11.9 Type 2 diabetes mellitus', (NOW() - INTERVAL 12 MONTH)),
('700029', '90', '9006', '90051', (NOW() - INTERVAL 6 MONTH), (NOW() - INTERVAL 6 MONTH), 'completed', '1', 'E11.9 Type 2 diabetes mellitus', (NOW() - INTERVAL 6 MONTH)),
('700030', '90', '9006', '90051', (NOW() - INTERVAL 1 MONTH), (NOW() - INTERVAL 1 MONTH), 'completed', '1', 'E11.9 Type 2 diabetes mellitus', (NOW() - INTERVAL 1 MONTH)),
('700031', '90', '9006', '90051', (NOW() - INTERVAL 5 MONTH), (NOW() - INTERVAL 5 MONTH), 'completed', '1', 'E11.9 Type 2 diabetes mellitus', (NOW() - INTERVAL 5 MONTH)),
('700032', '90', '9006', '90051', (NOW() - INTERVAL 8 MONTH), (NOW() - INTERVAL 8 MONTH), 'completed', '1', 'E11.9 Type 2 diabetes mellitus', (NOW() - INTERVAL 8 MONTH)),
('700033', '90', '9010', '90091', (NOW() - INTERVAL 12 MONTH), (NOW() - INTERVAL 12 MONTH), 'completed', '1', 'E11.9 Type 2 diabetes mellitus', (NOW() - INTERVAL 12 MONTH)),
('700034', '90', '9010', '90091', (NOW() - INTERVAL 6 MONTH), (NOW() - INTERVAL 6 MONTH), 'completed', '1', 'E11.9 Type 2 diabetes mellitus', (NOW() - INTERVAL 6 MONTH)),
('700035', '90', '9010', '90091', (NOW() - INTERVAL 2 MONTH), (NOW() - INTERVAL 2 MONTH), 'completed', '1', 'E11.9 Type 2 diabetes mellitus', (NOW() - INTERVAL 2 MONTH)),
('700036', '90', '9010', '90091', (NOW() - INTERVAL 3 MONTH), (NOW() - INTERVAL 3 MONTH), 'completed', '1', 'E11.9 Type 2 diabetes mellitus', (NOW() - INTERVAL 3 MONTH)),
('700037', '90', '9010', '90091', (NOW() - INTERVAL 4 MONTH), (NOW() - INTERVAL 4 MONTH), 'completed', '1', 'E11.9 Type 2 diabetes mellitus', (NOW() - INTERVAL 4 MONTH)),
('700038', '90', '9007', '90061', (NOW() - INTERVAL 12 MONTH), (NOW() - INTERVAL 12 MONTH), 'completed', '1', 'E11.9 Type 2 diabetes mellitus', (NOW() - INTERVAL 12 MONTH)),
('700039', '90', '9007', '90061', (NOW() - INTERVAL 6 MONTH), (NOW() - INTERVAL 6 MONTH), 'completed', '1', 'E11.9 Type 2 diabetes mellitus', (NOW() - INTERVAL 6 MONTH)),
('700040', '90', '9007', '90061', (NOW() - INTERVAL 3 MONTH), (NOW() - INTERVAL 3 MONTH), 'completed', '1', 'E11.9 Type 2 diabetes mellitus', (NOW() - INTERVAL 3 MONTH)),
('700041', '90', '9007', '90061', (NOW() - INTERVAL 5 MONTH), (NOW() - INTERVAL 5 MONTH), 'completed', '1', 'E11.9 Type 2 diabetes mellitus', (NOW() - INTERVAL 5 MONTH)),
('700042', '90', '9007', '90061', (NOW() - INTERVAL 4 MONTH), (NOW() - INTERVAL 4 MONTH), 'completed', '1', 'E11.9 Type 2 diabetes mellitus', (NOW() - INTERVAL 4 MONTH)),
('700043', '90', '9007', '90061', (NOW() - INTERVAL 3 MONTH), (NOW() - INTERVAL 3 MONTH), 'completed', '1', 'N18.3 Chronic kidney disease stage 3', (NOW() - INTERVAL 3 MONTH)),
('700044', '90', '9008', '90071', (NOW() - INTERVAL 12 MONTH), (NOW() - INTERVAL 12 MONTH), 'completed', '1', 'E11.9 Type 2 diabetes mellitus', (NOW() - INTERVAL 12 MONTH)),
('700045', '90', '9008', '90071', (NOW() - INTERVAL 6 MONTH), (NOW() - INTERVAL 6 MONTH), 'completed', '1', 'E11.9 Type 2 diabetes mellitus', (NOW() - INTERVAL 6 MONTH)),
('700046', '90', '9008', '90071', (NOW() - INTERVAL 2 MONTH), (NOW() - INTERVAL 2 MONTH), 'completed', '1', 'E11.9 Type 2 diabetes mellitus', (NOW() - INTERVAL 2 MONTH)),
('700047', '90', '9008', '90071', (NOW() - INTERVAL 4 MONTH), (NOW() - INTERVAL 4 MONTH), 'completed', '1', 'E11.9 Type 2 diabetes mellitus', (NOW() - INTERVAL 4 MONTH)),
('700048', '90', '9008', '90071', (NOW() - INTERVAL 5 MONTH), (NOW() - INTERVAL 5 MONTH), 'completed', '1', 'E11.9 Type 2 diabetes mellitus', (NOW() - INTERVAL 5 MONTH)),
('700049', '90', '9009', '90081', (NOW() - INTERVAL 1 MONTH), (NOW() - INTERVAL 1 MONTH), 'completed', '1', 'E11.9 Type 2 diabetes mellitus', (NOW() - INTERVAL 1 MONTH)),
('700050', '90', '9009', '90081', (NOW() - INTERVAL 1 MONTH), (NOW() - INTERVAL 1 MONTH), 'completed', '1', 'E11.9 Type 2 diabetes mellitus', (NOW() - INTERVAL 1 MONTH)),
('700051', '90', '9009', '90081', (NOW() - INTERVAL 1 MONTH), (NOW() - INTERVAL 1 MONTH), 'completed', '1', 'E11.9 Type 2 diabetes mellitus', (NOW() - INTERVAL 1 MONTH));

-- Ordered tests (procedure_order_code).
INSERT INTO `procedure_order_code` (`procedure_order_id`, `procedure_order_seq`, `procedure_code`, `procedure_name`, `procedure_source`, `diagnoses`) VALUES
('700001', '1', '4548-4', 'Hemoglobin A1c', '1', 'ICD10:E11.9'),
('700002', '1', '4548-4', 'Hemoglobin A1c', '1', 'ICD10:E11.9'),
('700003', '1', '4548-4', 'Hemoglobin A1c', '1', 'ICD10:E11.9'),
('700004', '1', '2093-3', 'Cholesterol [Mass/volume] in Serum or Plasma', '1', 'ICD10:E11.9'),
('700004', '2', '13457-7', 'Cholesterol in LDL [Mass/volume] estimated', '1', 'ICD10:E11.9'),
('700004', '3', '2085-9', 'Cholesterol in HDL [Mass/volume] in Serum or Plasma', '1', 'ICD10:E11.9'),
('700004', '4', '2571-8', 'Triglyceride [Mass/volume] in Serum or Plasma', '1', 'ICD10:E11.9'),
('700005', '1', '14959-1', 'Microalbumin/Creatinine [Mass Ratio] in Urine', '1', 'ICD10:E11.9'),
('700006', '1', '4548-4', 'Hemoglobin A1c', '1', 'ICD10:E11.9'),
('700007', '1', '4548-4', 'Hemoglobin A1c', '1', 'ICD10:E11.9'),
('700008', '1', '4548-4', 'Hemoglobin A1c', '1', 'ICD10:E11.9'),
('700009', '1', '2093-3', 'Cholesterol [Mass/volume] in Serum or Plasma', '1', 'ICD10:E11.9'),
('700009', '2', '13457-7', 'Cholesterol in LDL [Mass/volume] estimated', '1', 'ICD10:E11.9'),
('700009', '3', '2085-9', 'Cholesterol in HDL [Mass/volume] in Serum or Plasma', '1', 'ICD10:E11.9'),
('700009', '4', '2571-8', 'Triglyceride [Mass/volume] in Serum or Plasma', '1', 'ICD10:E11.9'),
('700010', '1', '14959-1', 'Microalbumin/Creatinine [Mass Ratio] in Urine', '1', 'ICD10:E11.9'),
('700011', '1', '4548-4', 'Hemoglobin A1c', '1', 'ICD10:E11.9'),
('700012', '1', '4548-4', 'Hemoglobin A1c', '1', 'ICD10:E11.9'),
('700013', '1', '4548-4', 'Hemoglobin A1c', '1', 'ICD10:E11.9'),
('700014', '1', '4548-4', 'Hemoglobin A1c', '1', 'ICD10:E11.9'),
('700015', '1', '2093-3', 'Cholesterol [Mass/volume] in Serum or Plasma', '1', 'ICD10:E11.9'),
('700015', '2', '13457-7', 'Cholesterol in LDL [Mass/volume] estimated', '1', 'ICD10:E11.9'),
('700015', '3', '2085-9', 'Cholesterol in HDL [Mass/volume] in Serum or Plasma', '1', 'ICD10:E11.9'),
('700015', '4', '2571-8', 'Triglyceride [Mass/volume] in Serum or Plasma', '1', 'ICD10:E11.9'),
('700016', '1', '14959-1', 'Microalbumin/Creatinine [Mass Ratio] in Urine', '1', 'ICD10:E11.9'),
('700017', '1', '4548-4', 'Hemoglobin A1c', '1', 'ICD10:E11.9'),
('700018', '1', '4548-4', 'Hemoglobin A1c', '1', 'ICD10:E11.9'),
('700019', '1', '4548-4', 'Hemoglobin A1c', '1', 'ICD10:E11.9'),
('700020', '1', '2093-3', 'Cholesterol [Mass/volume] in Serum or Plasma', '1', 'ICD10:E11.9'),
('700020', '2', '13457-7', 'Cholesterol in LDL [Mass/volume] estimated', '1', 'ICD10:E11.9'),
('700020', '3', '2085-9', 'Cholesterol in HDL [Mass/volume] in Serum or Plasma', '1', 'ICD10:E11.9'),
('700020', '4', '2571-8', 'Triglyceride [Mass/volume] in Serum or Plasma', '1', 'ICD10:E11.9'),
('700021', '1', '14959-1', 'Microalbumin/Creatinine [Mass Ratio] in Urine', '1', 'ICD10:E11.9'),
('700022', '1', '4548-4', 'Hemoglobin A1c', '1', 'ICD10:E11.9'),
('700023', '1', '4548-4', 'Hemoglobin A1c', '1', 'ICD10:E11.9'),
('700024', '1', '2093-3', 'Cholesterol [Mass/volume] in Serum or Plasma', '1', 'ICD10:E11.9'),
('700024', '2', '13457-7', 'Cholesterol in LDL [Mass/volume] estimated', '1', 'ICD10:E11.9'),
('700024', '3', '2085-9', 'Cholesterol in HDL [Mass/volume] in Serum or Plasma', '1', 'ICD10:E11.9'),
('700024', '4', '2571-8', 'Triglyceride [Mass/volume] in Serum or Plasma', '1', 'ICD10:E11.9'),
('700025', '1', '14959-1', 'Microalbumin/Creatinine [Mass Ratio] in Urine', '1', 'ICD10:E11.9'),
('700026', '1', '4548-4', 'Hemoglobin A1c', '1', 'ICD10:E11.9'),
('700027', '1', '2345-7', 'Comprehensive metabolic panel - Glucose', '1', 'ICD10:E11.9'),
('700028', '1', '4548-4', 'Hemoglobin A1c', '1', 'ICD10:E11.9'),
('700029', '1', '4548-4', 'Hemoglobin A1c', '1', 'ICD10:E11.9'),
('700030', '1', '4548-4', 'Hemoglobin A1c', '1', 'ICD10:E11.9'),
('700031', '1', '2093-3', 'Cholesterol [Mass/volume] in Serum or Plasma', '1', 'ICD10:E11.9'),
('700031', '2', '13457-7', 'Cholesterol in LDL [Mass/volume] estimated', '1', 'ICD10:E11.9'),
('700031', '3', '2085-9', 'Cholesterol in HDL [Mass/volume] in Serum or Plasma', '1', 'ICD10:E11.9'),
('700031', '4', '2571-8', 'Triglyceride [Mass/volume] in Serum or Plasma', '1', 'ICD10:E11.9'),
('700032', '1', '14959-1', 'Microalbumin/Creatinine [Mass Ratio] in Urine', '1', 'ICD10:E11.9'),
('700033', '1', '4548-4', 'Hemoglobin A1c', '1', 'ICD10:E11.9'),
('700034', '1', '4548-4', 'Hemoglobin A1c', '1', 'ICD10:E11.9'),
('700035', '1', '4548-4', 'Hemoglobin A1c', '1', 'ICD10:E11.9'),
('700036', '1', '2093-3', 'Cholesterol [Mass/volume] in Serum or Plasma', '1', 'ICD10:E11.9'),
('700036', '2', '13457-7', 'Cholesterol in LDL [Mass/volume] estimated', '1', 'ICD10:E11.9'),
('700036', '3', '2085-9', 'Cholesterol in HDL [Mass/volume] in Serum or Plasma', '1', 'ICD10:E11.9'),
('700036', '4', '2571-8', 'Triglyceride [Mass/volume] in Serum or Plasma', '1', 'ICD10:E11.9'),
('700037', '1', '14959-1', 'Microalbumin/Creatinine [Mass Ratio] in Urine', '1', 'ICD10:E11.9'),
('700038', '1', '4548-4', 'Hemoglobin A1c', '1', 'ICD10:E11.9'),
('700039', '1', '4548-4', 'Hemoglobin A1c', '1', 'ICD10:E11.9'),
('700040', '1', '4548-4', 'Hemoglobin A1c', '1', 'ICD10:E11.9'),
('700041', '1', '2093-3', 'Cholesterol [Mass/volume] in Serum or Plasma', '1', 'ICD10:E11.9'),
('700041', '2', '13457-7', 'Cholesterol in LDL [Mass/volume] estimated', '1', 'ICD10:E11.9'),
('700041', '3', '2085-9', 'Cholesterol in HDL [Mass/volume] in Serum or Plasma', '1', 'ICD10:E11.9'),
('700041', '4', '2571-8', 'Triglyceride [Mass/volume] in Serum or Plasma', '1', 'ICD10:E11.9'),
('700042', '1', '14959-1', 'Microalbumin/Creatinine [Mass Ratio] in Urine', '1', 'ICD10:E11.9'),
('700043', '1', '33914-3', 'GFR/1.73 sq M predicted', '1', 'ICD10:N18.3'),
('700044', '1', '4548-4', 'Hemoglobin A1c', '1', 'ICD10:E11.9'),
('700045', '1', '4548-4', 'Hemoglobin A1c', '1', 'ICD10:E11.9'),
('700046', '1', '4548-4', 'Hemoglobin A1c', '1', 'ICD10:E11.9'),
('700047', '1', '2093-3', 'Cholesterol [Mass/volume] in Serum or Plasma', '1', 'ICD10:E11.9'),
('700047', '2', '13457-7', 'Cholesterol in LDL [Mass/volume] estimated', '1', 'ICD10:E11.9'),
('700047', '3', '2085-9', 'Cholesterol in HDL [Mass/volume] in Serum or Plasma', '1', 'ICD10:E11.9'),
('700047', '4', '2571-8', 'Triglyceride [Mass/volume] in Serum or Plasma', '1', 'ICD10:E11.9'),
('700048', '1', '14959-1', 'Microalbumin/Creatinine [Mass Ratio] in Urine', '1', 'ICD10:E11.9'),
('700049', '1', '4548-4', 'Hemoglobin A1c', '1', 'ICD10:E11.9'),
('700050', '1', '2093-3', 'Cholesterol [Mass/volume] in Serum or Plasma', '1', 'ICD10:E11.9'),
('700050', '2', '13457-7', 'Cholesterol in LDL [Mass/volume] estimated', '1', 'ICD10:E11.9'),
('700050', '3', '2085-9', 'Cholesterol in HDL [Mass/volume] in Serum or Plasma', '1', 'ICD10:E11.9'),
('700050', '4', '2571-8', 'Triglyceride [Mass/volume] in Serum or Plasma', '1', 'ICD10:E11.9'),
('700051', '1', '14959-1', 'Microalbumin/Creatinine [Mass Ratio] in Urine', '1', 'ICD10:E11.9');

-- Lab reports (procedure_report). 'received'+not-reviewed rows are the pending ones.
INSERT INTO `procedure_report` (`procedure_report_id`, `procedure_order_id`, `procedure_order_seq`, `date_collected`, `date_report`, `source`, `report_status`, `review_status`) VALUES
('710001', '700001', '1', (NOW() - INTERVAL 12 MONTH), (NOW() - INTERVAL 12 MONTH), '90', 'final', 'reviewed'),
('710002', '700002', '1', (NOW() - INTERVAL 6 MONTH), (NOW() - INTERVAL 6 MONTH), '90', 'final', 'reviewed'),
('710003', '700003', '1', (NOW() - INTERVAL 2 MONTH), (NOW() - INTERVAL 2 MONTH), '90', 'final', 'reviewed'),
('710004', '700004', '1', (NOW() - INTERVAL 4 MONTH), (NOW() - INTERVAL 4 MONTH), '90', 'final', 'reviewed'),
('710005', '700005', '1', (NOW() - INTERVAL 5 MONTH), (NOW() - INTERVAL 5 MONTH), '90', 'final', 'reviewed'),
('710006', '700006', '1', (NOW() - INTERVAL 12 MONTH), (NOW() - INTERVAL 12 MONTH), '90', 'final', 'reviewed'),
('710007', '700007', '1', (NOW() - INTERVAL 6 MONTH), (NOW() - INTERVAL 6 MONTH), '90', 'final', 'reviewed'),
('710008', '700008', '1', (NOW() - INTERVAL 2 MONTH), (NOW() - INTERVAL 2 MONTH), '90', 'final', 'reviewed'),
('710009', '700009', '1', (NOW() - INTERVAL 6 MONTH), (NOW() - INTERVAL 6 MONTH), '90', 'final', 'reviewed'),
('710010', '700010', '1', (NOW() - INTERVAL 7 MONTH), (NOW() - INTERVAL 7 MONTH), '90', 'final', 'reviewed'),
('710011', '700011', '1', (NOW() - INTERVAL 12 MONTH), (NOW() - INTERVAL 12 MONTH), '90', 'final', 'reviewed'),
('710012', '700012', '1', (NOW() - INTERVAL 6 MONTH), (NOW() - INTERVAL 6 MONTH), '90', 'final', 'reviewed'),
('710013', '700013', '1', (NOW() - INTERVAL 2 MONTH), (NOW() - INTERVAL 2 MONTH), '90', 'final', 'reviewed'),
('710014', '700014', '1', (NOW() - INTERVAL 2 MONTH), (NOW() - INTERVAL 2 MONTH), '90', 'final', 'reviewed'),
('710015', '700015', '1', (NOW() - INTERVAL 5 MONTH), (NOW() - INTERVAL 5 MONTH), '90', 'final', 'reviewed'),
('710016', '700016', '1', (NOW() - INTERVAL 6 MONTH), (NOW() - INTERVAL 6 MONTH), '90', 'final', 'reviewed'),
('710017', '700017', '1', (NOW() - INTERVAL 12 MONTH), (NOW() - INTERVAL 12 MONTH), '90', 'final', 'reviewed'),
('710018', '700018', '1', (NOW() - INTERVAL 6 MONTH), (NOW() - INTERVAL 6 MONTH), '90', 'final', 'reviewed'),
('710019', '700019', '1', (NOW() - INTERVAL 3 MONTH), (NOW() - INTERVAL 3 MONTH), '90', 'final', 'reviewed'),
('710020', '700020', '1', (NOW() - INTERVAL 14 MONTH), (NOW() - INTERVAL 14 MONTH), '90', 'final', 'reviewed'),
('710021', '700021', '1', (NOW() - INTERVAL 19 MONTH), (NOW() - INTERVAL 19 MONTH), '90', 'final', 'reviewed'),
('710022', '700022', '1', (NOW() - INTERVAL 12 MONTH), (NOW() - INTERVAL 12 MONTH), '90', 'final', 'reviewed'),
('710023', '700023', '1', (NOW() - INTERVAL 6 MONTH), (NOW() - INTERVAL 6 MONTH), '90', 'final', 'reviewed'),
('710024', '700024', '1', (NOW() - INTERVAL 6 MONTH), (NOW() - INTERVAL 6 MONTH), '90', 'final', 'reviewed'),
('710025', '700025', '1', (NOW() - INTERVAL 6 MONTH), (NOW() - INTERVAL 6 MONTH), '90', 'final', 'reviewed'),
('710026', '700026', '1', (NOW() - INTERVAL 2 DAY), NULL, '90', 'received', 'received'),
('710027', '700027', '1', (NOW() - INTERVAL 2 DAY), NULL, '90', 'received', 'received'),
('710028', '700028', '1', (NOW() - INTERVAL 12 MONTH), (NOW() - INTERVAL 12 MONTH), '90', 'final', 'reviewed'),
('710029', '700029', '1', (NOW() - INTERVAL 6 MONTH), (NOW() - INTERVAL 6 MONTH), '90', 'final', 'reviewed'),
('710030', '700030', '1', (NOW() - INTERVAL 1 MONTH), (NOW() - INTERVAL 1 MONTH), '90', 'final', 'reviewed'),
('710031', '700031', '1', (NOW() - INTERVAL 5 MONTH), (NOW() - INTERVAL 5 MONTH), '90', 'final', 'reviewed'),
('710032', '700032', '1', (NOW() - INTERVAL 8 MONTH), (NOW() - INTERVAL 8 MONTH), '90', 'final', 'reviewed'),
('710033', '700033', '1', (NOW() - INTERVAL 12 MONTH), (NOW() - INTERVAL 12 MONTH), '90', 'final', 'reviewed'),
('710034', '700034', '1', (NOW() - INTERVAL 6 MONTH), (NOW() - INTERVAL 6 MONTH), '90', 'final', 'reviewed'),
('710035', '700035', '1', (NOW() - INTERVAL 2 MONTH), (NOW() - INTERVAL 2 MONTH), '90', 'final', 'reviewed'),
('710036', '700036', '1', (NOW() - INTERVAL 3 MONTH), (NOW() - INTERVAL 3 MONTH), '90', 'final', 'reviewed'),
('710037', '700037', '1', (NOW() - INTERVAL 4 MONTH), (NOW() - INTERVAL 4 MONTH), '90', 'final', 'reviewed'),
('710038', '700038', '1', (NOW() - INTERVAL 12 MONTH), (NOW() - INTERVAL 12 MONTH), '90', 'final', 'reviewed'),
('710039', '700039', '1', (NOW() - INTERVAL 6 MONTH), (NOW() - INTERVAL 6 MONTH), '90', 'final', 'reviewed'),
('710040', '700040', '1', (NOW() - INTERVAL 3 MONTH), (NOW() - INTERVAL 3 MONTH), '90', 'final', 'reviewed'),
('710041', '700041', '1', (NOW() - INTERVAL 5 MONTH), (NOW() - INTERVAL 5 MONTH), '90', 'final', 'reviewed'),
('710042', '700042', '1', (NOW() - INTERVAL 4 MONTH), (NOW() - INTERVAL 4 MONTH), '90', 'final', 'reviewed'),
('710043', '700043', '1', (NOW() - INTERVAL 3 MONTH), (NOW() - INTERVAL 3 MONTH), '90', 'final', 'reviewed'),
('710044', '700044', '1', (NOW() - INTERVAL 12 MONTH), (NOW() - INTERVAL 12 MONTH), '90', 'final', 'reviewed'),
('710045', '700045', '1', (NOW() - INTERVAL 6 MONTH), (NOW() - INTERVAL 6 MONTH), '90', 'final', 'reviewed'),
('710046', '700046', '1', (NOW() - INTERVAL 2 MONTH), (NOW() - INTERVAL 2 MONTH), '90', 'final', 'reviewed'),
('710047', '700047', '1', (NOW() - INTERVAL 4 MONTH), (NOW() - INTERVAL 4 MONTH), '90', 'final', 'reviewed'),
('710048', '700048', '1', (NOW() - INTERVAL 5 MONTH), (NOW() - INTERVAL 5 MONTH), '90', 'final', 'reviewed'),
('710049', '700049', '1', (NOW() - INTERVAL 1 MONTH), (NOW() - INTERVAL 1 MONTH), '90', 'final', 'reviewed'),
('710050', '700050', '1', (NOW() - INTERVAL 1 MONTH), (NOW() - INTERVAL 1 MONTH), '90', 'final', 'reviewed'),
('710051', '700051', '1', (NOW() - INTERVAL 1 MONTH), (NOW() - INTERVAL 1 MONTH), '90', 'final', 'reviewed');

-- Lab results (procedure_result). A1c series incl. corrected + censored '<7.0'.
INSERT INTO `procedure_result` (`procedure_result_id`, `procedure_report_id`, `result_data_type`, `result_code`, `result_text`, `date`, `units`, `result`, `range`, `abnormal`, `result_status`, `comments`) VALUES
('720001', '710001', 'N', '4548-4', 'Hemoglobin A1c', (NOW() - INTERVAL 12 MONTH), '%', '7.8', '4.0-5.6', 'high', 'final', ''),
('720002', '710002', 'N', '4548-4', 'Hemoglobin A1c', (NOW() - INTERVAL 6 MONTH), '%', '7.1', '4.0-5.6', 'high', 'final', ''),
('720003', '710003', 'N', '4548-4', 'Hemoglobin A1c', (NOW() - INTERVAL 2 MONTH), '%', '<7.0', '4.0-5.6', '', 'final', ''),
('720004', '710004', 'N', '2093-3', 'Cholesterol [Mass/volume] in Serum or Plasma', (NOW() - INTERVAL 4 MONTH), 'mg/dL', '178', '<200', '', 'final', ''),
('720005', '710004', 'N', '13457-7', 'Cholesterol in LDL [Mass/volume] estimated', (NOW() - INTERVAL 4 MONTH), 'mg/dL', '96', '<100', '', 'final', ''),
('720006', '710004', 'N', '2085-9', 'Cholesterol in HDL [Mass/volume] in Serum or Plasma', (NOW() - INTERVAL 4 MONTH), 'mg/dL', '44', '>40', '', 'final', ''),
('720007', '710004', 'N', '2571-8', 'Triglyceride [Mass/volume] in Serum or Plasma', (NOW() - INTERVAL 4 MONTH), 'mg/dL', '162', '<150', 'high', 'final', ''),
('720008', '710005', 'N', '14959-1', 'Microalbumin/Creatinine [Mass Ratio] in Urine', (NOW() - INTERVAL 5 MONTH), 'mg/g', '18', '<30', '', 'final', ''),
('720009', '710006', 'N', '4548-4', 'Hemoglobin A1c', (NOW() - INTERVAL 12 MONTH), '%', '7.4', '4.0-5.6', 'high', 'final', ''),
('720010', '710007', 'N', '4548-4', 'Hemoglobin A1c', (NOW() - INTERVAL 6 MONTH), '%', '8.2', '4.0-5.6', 'high', 'final', ''),
('720011', '710008', 'N', '4548-4', 'Hemoglobin A1c', (NOW() - INTERVAL 2 MONTH), '%', '9.1', '4.0-5.6', 'high', 'final', ''),
('720012', '710009', 'N', '2093-3', 'Cholesterol [Mass/volume] in Serum or Plasma', (NOW() - INTERVAL 6 MONTH), 'mg/dL', '178', '<200', '', 'final', ''),
('720013', '710009', 'N', '13457-7', 'Cholesterol in LDL [Mass/volume] estimated', (NOW() - INTERVAL 6 MONTH), 'mg/dL', '96', '<100', '', 'final', ''),
('720014', '710009', 'N', '2085-9', 'Cholesterol in HDL [Mass/volume] in Serum or Plasma', (NOW() - INTERVAL 6 MONTH), 'mg/dL', '44', '>40', '', 'final', ''),
('720015', '710009', 'N', '2571-8', 'Triglyceride [Mass/volume] in Serum or Plasma', (NOW() - INTERVAL 6 MONTH), 'mg/dL', '162', '<150', 'high', 'final', ''),
('720016', '710010', 'N', '14959-1', 'Microalbumin/Creatinine [Mass Ratio] in Urine', (NOW() - INTERVAL 7 MONTH), 'mg/g', '18', '<30', '', 'final', ''),
('720017', '710011', 'N', '4548-4', 'Hemoglobin A1c', (NOW() - INTERVAL 12 MONTH), '%', '8.6', '4.0-5.6', 'high', 'final', ''),
('720018', '710012', 'N', '4548-4', 'Hemoglobin A1c', (NOW() - INTERVAL 6 MONTH), '%', '8.3', '4.0-5.6', 'high', 'final', ''),
('720019', '710013', 'N', '4548-4', 'Hemoglobin A1c', (NOW() - INTERVAL 2 MONTH), '%', '11.2', '4.0-5.6', 'high', 'corrected', 'Superseded by corrected result.'),
('720020', '710014', 'N', '4548-4', 'Hemoglobin A1c', (NOW() - INTERVAL 2 MONTH), '%', '8.1', '4.0-5.6', 'high', 'corrected', 'Corrected result issued by lab.'),
('720021', '710015', 'N', '2093-3', 'Cholesterol [Mass/volume] in Serum or Plasma', (NOW() - INTERVAL 5 MONTH), 'mg/dL', '178', '<200', '', 'final', ''),
('720022', '710015', 'N', '13457-7', 'Cholesterol in LDL [Mass/volume] estimated', (NOW() - INTERVAL 5 MONTH), 'mg/dL', '96', '<100', '', 'final', ''),
('720023', '710015', 'N', '2085-9', 'Cholesterol in HDL [Mass/volume] in Serum or Plasma', (NOW() - INTERVAL 5 MONTH), 'mg/dL', '44', '>40', '', 'final', ''),
('720024', '710015', 'N', '2571-8', 'Triglyceride [Mass/volume] in Serum or Plasma', (NOW() - INTERVAL 5 MONTH), 'mg/dL', '162', '<150', 'high', 'final', ''),
('720025', '710016', 'N', '14959-1', 'Microalbumin/Creatinine [Mass Ratio] in Urine', (NOW() - INTERVAL 6 MONTH), 'mg/g', '18', '<30', '', 'final', ''),
('720026', '710017', 'N', '4548-4', 'Hemoglobin A1c', (NOW() - INTERVAL 12 MONTH), '%', '6.9', '4.0-5.6', '', 'final', ''),
('720027', '710018', 'N', '4548-4', 'Hemoglobin A1c', (NOW() - INTERVAL 6 MONTH), '%', '6.8', '4.0-5.6', '', 'final', ''),
('720028', '710019', 'N', '4548-4', 'Hemoglobin A1c', (NOW() - INTERVAL 3 MONTH), '%', '6.8', '4.0-5.6', '', 'final', ''),
('720029', '710020', 'N', '2093-3', 'Cholesterol [Mass/volume] in Serum or Plasma', (NOW() - INTERVAL 14 MONTH), 'mg/dL', '178', '<200', '', 'final', ''),
('720030', '710020', 'N', '13457-7', 'Cholesterol in LDL [Mass/volume] estimated', (NOW() - INTERVAL 14 MONTH), 'mg/dL', '96', '<100', '', 'final', ''),
('720031', '710020', 'N', '2085-9', 'Cholesterol in HDL [Mass/volume] in Serum or Plasma', (NOW() - INTERVAL 14 MONTH), 'mg/dL', '44', '>40', '', 'final', ''),
('720032', '710020', 'N', '2571-8', 'Triglyceride [Mass/volume] in Serum or Plasma', (NOW() - INTERVAL 14 MONTH), 'mg/dL', '162', '<150', 'high', 'final', ''),
('720033', '710021', 'N', '14959-1', 'Microalbumin/Creatinine [Mass Ratio] in Urine', (NOW() - INTERVAL 19 MONTH), 'mg/g', '18', '<30', '', 'final', ''),
('720034', '710022', 'N', '4548-4', 'Hemoglobin A1c', (NOW() - INTERVAL 12 MONTH), '%', '7.9', '4.0-5.6', 'high', 'final', ''),
('720035', '710023', 'N', '4548-4', 'Hemoglobin A1c', (NOW() - INTERVAL 6 MONTH), '%', '7.7', '4.0-5.6', 'high', 'final', ''),
('720036', '710024', 'N', '2093-3', 'Cholesterol [Mass/volume] in Serum or Plasma', (NOW() - INTERVAL 6 MONTH), 'mg/dL', '178', '<200', '', 'final', ''),
('720037', '710024', 'N', '13457-7', 'Cholesterol in LDL [Mass/volume] estimated', (NOW() - INTERVAL 6 MONTH), 'mg/dL', '96', '<100', '', 'final', ''),
('720038', '710024', 'N', '2085-9', 'Cholesterol in HDL [Mass/volume] in Serum or Plasma', (NOW() - INTERVAL 6 MONTH), 'mg/dL', '44', '>40', '', 'final', ''),
('720039', '710024', 'N', '2571-8', 'Triglyceride [Mass/volume] in Serum or Plasma', (NOW() - INTERVAL 6 MONTH), 'mg/dL', '162', '<150', 'high', 'final', ''),
('720040', '710025', 'N', '14959-1', 'Microalbumin/Creatinine [Mass Ratio] in Urine', (NOW() - INTERVAL 6 MONTH), 'mg/g', '18', '<30', '', 'final', ''),
('720041', '710028', 'N', '4548-4', 'Hemoglobin A1c', (NOW() - INTERVAL 12 MONTH), '%', '9.4', '4.0-5.6', 'high', 'final', ''),
('720042', '710029', 'N', '4548-4', 'Hemoglobin A1c', (NOW() - INTERVAL 6 MONTH), '%', '9.9', '4.0-5.6', 'high', 'final', ''),
('720043', '710030', 'N', '4548-4', 'Hemoglobin A1c', (NOW() - INTERVAL 1 MONTH), '%', '9.8', '4.0-5.6', 'high', 'final', ''),
('720044', '710031', 'N', '2093-3', 'Cholesterol [Mass/volume] in Serum or Plasma', (NOW() - INTERVAL 5 MONTH), 'mg/dL', '178', '<200', '', 'final', ''),
('720045', '710031', 'N', '13457-7', 'Cholesterol in LDL [Mass/volume] estimated', (NOW() - INTERVAL 5 MONTH), 'mg/dL', '96', '<100', '', 'final', ''),
('720046', '710031', 'N', '2085-9', 'Cholesterol in HDL [Mass/volume] in Serum or Plasma', (NOW() - INTERVAL 5 MONTH), 'mg/dL', '44', '>40', '', 'final', ''),
('720047', '710031', 'N', '2571-8', 'Triglyceride [Mass/volume] in Serum or Plasma', (NOW() - INTERVAL 5 MONTH), 'mg/dL', '162', '<150', 'high', 'final', ''),
('720048', '710032', 'N', '14959-1', 'Microalbumin/Creatinine [Mass Ratio] in Urine', (NOW() - INTERVAL 8 MONTH), 'mg/g', '18', '<30', '', 'final', ''),
('720049', '710033', 'N', '4548-4', 'Hemoglobin A1c', (NOW() - INTERVAL 12 MONTH), '%', '7.3', '4.0-5.6', 'high', 'final', ''),
('720050', '710034', 'N', '4548-4', 'Hemoglobin A1c', (NOW() - INTERVAL 6 MONTH), '%', '7.2', '4.0-5.6', 'high', 'final', ''),
('720051', '710035', 'N', '4548-4', 'Hemoglobin A1c', (NOW() - INTERVAL 2 MONTH), '%', '7.2', '4.0-5.6', 'high', 'final', ''),
('720052', '710036', 'N', '2093-3', 'Cholesterol [Mass/volume] in Serum or Plasma', (NOW() - INTERVAL 3 MONTH), 'mg/dL', '178', '<200', '', 'final', ''),
('720053', '710036', 'N', '13457-7', 'Cholesterol in LDL [Mass/volume] estimated', (NOW() - INTERVAL 3 MONTH), 'mg/dL', '96', '<100', '', 'final', ''),
('720054', '710036', 'N', '2085-9', 'Cholesterol in HDL [Mass/volume] in Serum or Plasma', (NOW() - INTERVAL 3 MONTH), 'mg/dL', '44', '>40', '', 'final', ''),
('720055', '710036', 'N', '2571-8', 'Triglyceride [Mass/volume] in Serum or Plasma', (NOW() - INTERVAL 3 MONTH), 'mg/dL', '162', '<150', 'high', 'final', ''),
('720056', '710037', 'N', '14959-1', 'Microalbumin/Creatinine [Mass Ratio] in Urine', (NOW() - INTERVAL 4 MONTH), 'mg/g', '18', '<30', '', 'final', ''),
('720057', '710038', 'N', '4548-4', 'Hemoglobin A1c', (NOW() - INTERVAL 12 MONTH), '%', '7.5', '4.0-5.6', 'high', 'final', ''),
('720058', '710039', 'N', '4548-4', 'Hemoglobin A1c', (NOW() - INTERVAL 6 MONTH), '%', '7.6', '4.0-5.6', 'high', 'final', ''),
('720059', '710040', 'N', '4548-4', 'Hemoglobin A1c', (NOW() - INTERVAL 3 MONTH), '%', '7.6', '4.0-5.6', 'high', 'final', ''),
('720060', '710041', 'N', '2093-3', 'Cholesterol [Mass/volume] in Serum or Plasma', (NOW() - INTERVAL 5 MONTH), 'mg/dL', '178', '<200', '', 'final', ''),
('720061', '710041', 'N', '13457-7', 'Cholesterol in LDL [Mass/volume] estimated', (NOW() - INTERVAL 5 MONTH), 'mg/dL', '96', '<100', '', 'final', ''),
('720062', '710041', 'N', '2085-9', 'Cholesterol in HDL [Mass/volume] in Serum or Plasma', (NOW() - INTERVAL 5 MONTH), 'mg/dL', '44', '>40', '', 'final', ''),
('720063', '710041', 'N', '2571-8', 'Triglyceride [Mass/volume] in Serum or Plasma', (NOW() - INTERVAL 5 MONTH), 'mg/dL', '162', '<150', 'high', 'final', ''),
('720064', '710042', 'N', '14959-1', 'Microalbumin/Creatinine [Mass Ratio] in Urine', (NOW() - INTERVAL 4 MONTH), 'mg/g', '18', '<30', '', 'final', ''),
('720065', '710043', 'N', '33914-3', 'GFR/1.73 sq M predicted', (NOW() - INTERVAL 3 MONTH), 'mL/min/1.73m2', '48', '>60', 'low', 'final', 'Consistent with CKD stage 3.'),
('720066', '710044', 'N', '4548-4', 'Hemoglobin A1c', (NOW() - INTERVAL 12 MONTH), '%', '6.8', '4.0-5.6', '', 'final', ''),
('720067', '710045', 'N', '4548-4', 'Hemoglobin A1c', (NOW() - INTERVAL 6 MONTH), '%', '6.5', '4.0-5.6', '', 'final', ''),
('720068', '710046', 'N', '4548-4', 'Hemoglobin A1c', (NOW() - INTERVAL 2 MONTH), '%', '6.4', '4.0-5.6', 'low', 'final', ''),
('720069', '710047', 'N', '2093-3', 'Cholesterol [Mass/volume] in Serum or Plasma', (NOW() - INTERVAL 4 MONTH), 'mg/dL', '178', '<200', '', 'final', ''),
('720070', '710047', 'N', '13457-7', 'Cholesterol in LDL [Mass/volume] estimated', (NOW() - INTERVAL 4 MONTH), 'mg/dL', '96', '<100', '', 'final', ''),
('720071', '710047', 'N', '2085-9', 'Cholesterol in HDL [Mass/volume] in Serum or Plasma', (NOW() - INTERVAL 4 MONTH), 'mg/dL', '44', '>40', '', 'final', ''),
('720072', '710047', 'N', '2571-8', 'Triglyceride [Mass/volume] in Serum or Plasma', (NOW() - INTERVAL 4 MONTH), 'mg/dL', '162', '<150', 'high', 'final', ''),
('720073', '710048', 'N', '14959-1', 'Microalbumin/Creatinine [Mass Ratio] in Urine', (NOW() - INTERVAL 5 MONTH), 'mg/g', '18', '<30', '', 'final', ''),
('720074', '710049', 'N', '4548-4', 'Hemoglobin A1c', (NOW() - INTERVAL 1 MONTH), '%', '8.5', '4.0-5.6', 'high', 'final', ''),
('720075', '710050', 'N', '2093-3', 'Cholesterol [Mass/volume] in Serum or Plasma', (NOW() - INTERVAL 1 MONTH), 'mg/dL', '178', '<200', '', 'final', ''),
('720076', '710050', 'N', '13457-7', 'Cholesterol in LDL [Mass/volume] estimated', (NOW() - INTERVAL 1 MONTH), 'mg/dL', '96', '<100', '', 'final', ''),
('720077', '710050', 'N', '2085-9', 'Cholesterol in HDL [Mass/volume] in Serum or Plasma', (NOW() - INTERVAL 1 MONTH), 'mg/dL', '44', '>40', '', 'final', ''),
('720078', '710050', 'N', '2571-8', 'Triglyceride [Mass/volume] in Serum or Plasma', (NOW() - INTERVAL 1 MONTH), 'mg/dL', '162', '<150', 'high', 'final', ''),
('720079', '710051', 'N', '14959-1', 'Microalbumin/Creatinine [Mass Ratio] in Urine', (NOW() - INTERVAL 1 MONTH), 'mg/g', '18', '<30', '', 'final', '');

-- Scheduled clinic day (openemr_postcalendar_events) -- the pre-warm surface.
INSERT INTO `openemr_postcalendar_events` (`pc_eid`, `pc_catid`, `pc_multiple`, `pc_aid`, `pc_pid`, `pc_title`, `pc_time`, `pc_hometext`, `pc_eventDate`, `pc_duration`, `pc_startTime`, `pc_endTime`, `pc_apptstatus`, `pc_facility`, `pc_billing_location`) VALUES
('5001', '9', '0', '90', '9001', 'Aaron Delgado - Diabetes follow-up', TIMESTAMP(CURDATE(), '09:00:00'), 'Diabetes follow-up', CURDATE(), '1800', '09:00:00', '09:30:00', '-', '3', '3'),
('5002', '9', '0', '90', '9002', 'Bianca Okafor - Diabetes follow-up - poor control', TIMESTAMP(CURDATE(), '09:30:00'), 'Diabetes follow-up - poor control', CURDATE(), '1800', '09:30:00', '10:00:00', '-', '3', '3'),
('5003', '9', '0', '90', '9003', 'Carlos Nguyen - Diabetes follow-up', TIMESTAMP(CURDATE(), '10:00:00'), 'Diabetes follow-up', CURDATE(), '1800', '10:00:00', '10:30:00', '-', '3', '3'),
('5004', '9', '0', '90', '9004', 'Deborah Ellis - Diabetes annual review', TIMESTAMP(CURDATE(), '10:30:00'), 'Diabetes annual review', CURDATE(), '1800', '10:30:00', '11:00:00', '-', '3', '3'),
('5005', '9', '0', '90', '9005', 'Emilio Ross - Diabetes follow-up - review pending labs', TIMESTAMP(CURDATE(), '11:00:00'), 'Diabetes follow-up - review pending labs', CURDATE(), '1800', '11:00:00', '11:30:00', '-', '3', '3'),
('5006', '9', '0', '90', '9006', 'Farida Haddad - Diabetes follow-up - insulin titration', TIMESTAMP(CURDATE(), '11:30:00'), 'Diabetes follow-up - insulin titration', CURDATE(), '1800', '11:30:00', '12:00:00', '-', '3', '3'),
('5007', '9', '0', '90', '9010', 'Julia Santos - Diabetes follow-up', TIMESTAMP(CURDATE(), '12:00:00'), 'Diabetes follow-up', CURDATE(), '1800', '12:00:00', '12:30:00', '-', '3', '3'),
('5008', '9', '0', '90', '9007', 'Gregory Payne - Diabetes + CKD follow-up', TIMESTAMP((CURDATE() + INTERVAL 1 DAY), '09:00:00'), 'Diabetes + CKD follow-up', (CURDATE() + INTERVAL 1 DAY), '1800', '09:00:00', '09:30:00', '-', '3', '3'),
('5009', '9', '0', '90', '9008', 'Hannah Weiss - Diabetes follow-up - hypoglycemia review', TIMESTAMP((CURDATE() + INTERVAL 1 DAY), '09:30:00'), 'Diabetes follow-up - hypoglycemia review', (CURDATE() + INTERVAL 1 DAY), '1800', '09:30:00', '10:00:00', '-', '3', '3'),
('5010', '10', '0', '90', '9009', 'Ibrahim Cole - New diagnosis - diabetes education', TIMESTAMP((CURDATE() + INTERVAL 1 DAY), '10:00:00'), 'New diagnosis - diabetes education', (CURDATE() + INTERVAL 1 DAY), '1800', '10:00:00', '10:30:00', '-', '3', '3');

-- Done. 10 patients, appointments today + tomorrow.
